,Word,Count
0,i,1464
1,was,131
2,horrible,5
3,to,462
4,children,3
5,at,64
6,my,554
7,first,23
8,preschool,1
9,job,7
10,asked,3
11,crush,8
12,for,157
13,sending,1
14,me,159
15,her,78
16,picture,2
17,and,510
18,she,36
19,got,35
20,made,25
21,a,483
22,fucking,9
23,dunce,1
24,want,72
25,cringe,2
26,myself,37
27,out,65
28,existence,1
29,have,127
30,friends,47
31,now,45
32,fantasies,3
33,about,87
34,having,15
35,hired,1
36,escort,3
37,can,67
38,live,3
39,this,77
40,with,154
41,regret,14
42,need,24
43,let,19
44,had,43
45,sex,33
46,really,43
47,regretting,1
48,it,249
49,someone,34
50,tell,13
51,what,58
52,is,104
53,wrong,9
54,why,29
55,like,86
56,set,2
57,up,45
58,cameras,1
59,in,168
60,son,5
61,apartment,3
62,watched,2
63,him,41
64,the,288
65,reason,14
66,dont,14
67,kill,11
68,that,109
69,wont,1
70,get,51
71,see,14
72,will,20
73,happen,3
74,afterwards,2
75,mother,15
76,sexually,17
77,abused,5
78,years,40
79,haven,7
80,told,26
81,dad,10
82,hate,37
83,bf,4
84,dog,13
85,just,46
86,used,17
87,grandma,2
88,credit,1
89,card,3
90,doordash,1
91,story,7
92,of,202
93,how,25
94,ruined,8
95,lot,9
96,friendships,1
97,broke,13
98,least,3
99,hearts,1
100,on,147
101,hunt,2
102,true,2
103,love,48
104,daughter,4
105,molested,2
106,don,96
107,believe,8
108,hacked,2
109,an,69
110,ex,27
111,snapchat,3
112,account,9
113,think,39
114,found,13
115,feel,72
116,so,74
117,behind,7
118,life,50
119,thinking,6
120,killing,5
121,but,91
122,then,17
123,realised,1
124,nothing,6
125,too,32
126,end,8
127,attractive,4
128,enough,8
129,boyfriend,23
130,we,24
131,done,11
132,anything,12
133,week,6
134,when,82
135,normally,1
136,do,70
137,once,11
138,or,44
139,twice,3
140,know,59
141,if,35
142,he,38
143,telling,3
144,truth,2
145,not,56
146,afraid,7
147,taking,9
148,birth,1
149,control,2
150,change,15
151,whole,11
152,personality,2
153,drove,1
154,while,25
155,little,13
156,high,11
157,something,22
158,always,14
159,promised,1
160,never,34
161,disturbing,2
162,intrusive,2
163,thoughts,6
164,normal,4
165,friend,71
166,both,5
167,stole,24
168,trouble,3
169,read,7
170,cheating,8
171,mums,1
172,sexts,1
173,teen,1
174,married,20
175,woman,18
176,gay,19
177,fledgling,1
178,young,2
179,adult,5
180,trying,9
181,find,11
182,definition,1
183,world,7
184,seriously,1
185,leave,13
186,entire,2
187,start,6
188,over,23
189,lied,12
190,time,37
191,guilty,11
192,from,62
193,sister,23
194,go,19
195,shopping,1
196,benefit,1
197,nepotism,1
198,guilt,7
199,imposter,1
200,syndrome,1
201,took,13
202,some,14
203,photos,2
204,butt,1
205,upset,4
206,helps,2
207,themselves,2
208,would,21
209,look,6
210,under,2
211,door,1
212,cake,5
213,cum,3
214,n,9
215,piss,5
216,gf,5
217,give,11
218,foot,1
219,fetish,8
220,as,52
221,joke,2
222,purposely,3
223,killed,19
224,man,13
225,his,23
226,deathbed,1
227,who,45
228,could,17
229,ve,41
230,lived,1
231,months,10
232,longer,5
233,way,16
234,drunk,11
235,around,7
236,chefs,1
237,shared,2
238,things,14
239,sensitive,1
240,people,46
241,barely,3
242,sometimes,14
243,make,25
244,issues,3
245,work,18
246,home,16
247,call,10
248,conversation,1
249,by,35
250,asking,3
251,advice,11
252,solutions,1
253,phone,4
254,notes,1
255,app,3
256,you,32
257,suicide,12
258,letter,3
259,every,10
260,person,23
261,care,13
262,didn,30
263,sober,5
264,back,19
265,grew,2
266,semi,1
267,nudist,1
268,free,2
269,hippie,1
270,commune,1
271,mid,1
272,might,9
273,boss,2
274,extra,1
275,fat,11
276,fucked,7
277,wife,17
278,classmate,4
279,pregnant,9
280,vegetarian,1
281,because,62
282,fruits,1
283,vegetables,1
284,them,47
285,ive,2
286,been,34
287,husband,12
288,almost,15
289,three,2
290,miss,13
291,feeling,7
292,dream,3
293,last,13
294,night,10
295,beat,4
296,ass,7
297,after,26
298,felt,7
299,fuck,8
300,does,5
301,anger,2
302,hurt,6
303,away,11
304,im,24
305,fed,2
306,knowing,3
307,doesn,6
308,shit,12
309,fool,1
310,believing,3
311,everything,13
312,all,32
313,red,2
314,flags,1
315,few,13
316,addictions,1
317,acknowledge,1
318,they,28
319,are,39
320,bad,40
321,envy,1
322,cancer,3
323,employment,1
324,specialist,1
325,pleasure,1
326,precious,1
327,healthcare,1
328,workers,1
329,unemployment,1
330,am,66
331,point,5
332,money,18
333,became,4
334,bully,2
335,being,32
336,bullied,4
337,come,3
338,hit,6
339,hard,7
340,r,4
341,ed,3
342,gonna,5
343,affect,1
344,blamed,7
345,girl,32
346,pissing,1
347,bed,7
348,actually,6
349,did,22
350,shameless,2
351,part,8
352,terrible,3
353,no,50
354,paralyzed,1
355,fear,2
356,jealous,5
357,better,4
358,take,14
359,glasses,1
360,off,24
361,deserve,2
362,be,51
363,able,10
364,generous,1
365,yard,1
366,sales,1
367,city,2
368,pay,8
369,items,1
370,loser,2
371,year,17
372,friendship,8
373,best,32
374,getting,13
375,also,5
376,messed,4
377,dumb,1
378,decisions,1
379,steal,4
380,kid,23
381,caught,7
382,parents,11
383,grow,1
384,weed,5
385,sell,2
386,local,1
387,community,4
388,scooped,1
389,fried,1
390,rice,1
391,floor,5
392,eat,3
393,devastating,1
394,fall,3
395,knew,10
396,abusive,4
397,say,11
398,viking,2
399,xl,2
400,male,11
401,enhancementsimply,1
402,fashioned,1
403,men,61
404,carry,2
405,type,1
406,producer,1
407,claims,1
408,ll,9
409,tough,1
410,journey,1
411,again,9
412,effective,1
413,mom,16
414,tried,12
415,pass,3
416,else,13
417,figured,1
418,pretty,4
419,intelligent,1
420,certain,4
421,surefire,1
422,literally,2
423,resources,1
424,even,29
425,build,1
426,any,18
427,prototypes,1
428,smoke,2
429,cigarettes,2
430,seeing,4
431,himeless,1
432,guy,15
433,injured,1
434,sidewalk,1
435,help,21
436,much,26
437,confession,13
438,more,27
439,question,2
440,whats,1
441,going,29
442,school,20
443,very,21
444,complicated,1
445,feelings,5
446,recovery,1
447,long,14
448,depressive,1
449,period,1
450,distrust,1
451,stability,1
452,worked,4
453,create,1
454,purposefully,1
455,use,7
456,static,1
457,electricity,1
458,herd,1
459,older,9
460,places,1
461,were,11
462,mall,2
463,together,1
464,sorry,9
465,accident,4
466,amp,29
467,someday,1
468,knocked,1
469,roommates,2
470,bong,1
471,cat,8
472,marker,1
473,scribbled,1
474,window,1
475,cleaner,1
476,down,12
477,hole,1
478,posted,2
479,many,8
480,times,5
481,here,8
482,vent,5
483,confess,6
484,naive,1
485,divorce,3
486,has,16
487,fever,1
488,feels,6
489,weird,5
490,sounds,2
491,your,11
492,shoes,1
493,bathroom,4
494,lost,9
495,proud,2
496,trick,2
497,coworker,3
498,into,23
499,assaulted,10
500,party,4
501,bank,1
502,teller,1
503,branch,1
504,manager,2
505,happens,2
506,same,9
507,gender,2
508,brain,2
509,obsessed,11
510,creating,2
511,scenarios,2
512,where,11
513,cheat,8
514,win,3
515,fights,3
516,bigger,2
517,than,20
518,aroused,4
519,fix,5
520,mindset,3
521,grandmother,1
522,passed,3
523,tonight,3
524,grandparents,3
525,kept,4
526,month,3
527,putting,1
528,plans,1
529,weekend,4
530,worried,2
531,sexual,5
532,assault,2
533,child,11
534,hood,1
535,affected,1
536,chances,1
537,pregnancy,2
538,future,7
539,perfect,1
540,dating,6
541,partner,6
542,making,5
543,cheated,17
544,enjoy,4
545,supposed,1
546,creative,1
547,writing,2
548,short,3
549,english,5
550,class,3
551,cut,3
552,today,14
553,nice,3
554,tortured,1
555,lizard,1
556,still,28
557,mad,4
558,gross,1
559,lying,4
560,keep,12
561,breaking,3
562,heart,2
563,sad,3
564,intentionally,2
565,acting,2
566,deaf,1
567,parked,2
568,asshole,6
569,inducing,1
570,note,1
571,windshield,1
572,inadvertently,1
573,farted,3
574,coworkers,2
575,face,5
576,cousin,12
577,act,2
578,arrested,1
579,shoplifting,2
580,realise,3
581,kleptomania,1
582,taste,3
583,smell,1
584,own,12
585,blood,1
586,stop,11
587,picking,1
588,scabs,1
589,eating,8
590,grave,1
591,spouse,1
592,epitome,1
593,trash,3
594,eyes,2
595,deeply,6
596,humiliated,1
597,though,13
598,pretend,7
599,disorder,4
600,middle,7
601,tw,4
602,mtion,1
603,date,3
604,rape,2
605,girls,9
606,spike,1
607,xanax,1
608,sleep,13
609,most,10
610,didnt,2
611,remember,1
612,manipulated,1
613,stolen,4
614,pretending,1
615,another,10
616,glad,2
617,died,4
618,yes,1
619,said,12
620,thank,2
621,god,1
622,reddit,16
623,problem,4
624,happy,9
625,only,17
626,one,37
627,thing,13
628,left,4
629,list,5
630,uncles,1
631,nudes,3
632,idk,7
633,comment,2
634,good,9
635,slowly,1
636,ruining,6
637,full,10
638,body,7
639,blackface,1
640,forgive,4
641,porn,9
642,maybe,6
643,changed,2
644,sexuality,4
645,loved,6
646,mental,12
647,health,8
648,yet,1
649,crushes,1
650,poor,3
651,scammed,3
652,counterfeit,1
653,mentally,1
654,disabled,5
655,cashier,2
656,kind,7
657,wish,12
658,portuguese,1
659,looks,2
660,quazi,1
661,moto,1
662,ouffffffff,1
663,distance,2
664,girlfriend,17
665,please,10
666,should,15
667,stay,4
668,vandalize,1
669,younger,11
670,urge,1
671,wanting,3
672,sure,9
673,ate,4
674,poop,3
675,camping,1
676,chest,2
677,alien,1
678,doing,8
679,planet,1
680,earth,2
681,looking,4
682,other,8
683,inmates,1
684,slept,7
685,annoying,2
686,pics,4
687,lie,8
688,occasions,1
689,tripped,1
690,funny,1
691,watching,3
692,struggle,2
693,day,17
694,teenager,2
695,vengeance,1
696,regretted,1
697,started,6
698,habit,2
699,jerking,2
700,hospital,1
701,bathrooms,4
702,desperately,1
703,cure,1
704,causing,1
705,immense,1
706,pain,2
707,everyone,8
708,talk,8
709,says,3
710,snooped,1
711,through,7
712,laptop,1
713,apologizing,1
714,beginning,1
715,sort,4
716,masturbated,5
717,dead,5
718,jdkkdkdksekeidodkdkdkdkdkdkkddkkdkdkfkfkfkfkfkdkdkdkd,1
719,sodndkdkddkdkdldldmdkfmfmfkfjdiidkdkdkdkdkddkdkdkkd,1
720,wondered,1
721,drugs,3
722,kills,1
723,ugly,1
724,hotter,1
725,ago,20
726,cannot,6
727,forever,2
728,performed,2
729,oral,3
730,during,1
731,slow,1
732,eaves,2
733,dropped,5
734,creep,2
735,stalker,3
736,confirmed,1
737,suspicions,1
738,given,2
739,thought,15
740,profile,3
741,pictures,5
742,oh,3
743,well,5
744,complained,1
745,afghan,1
746,taxi,1
747,driver,2
748,ride,2
749,connect,2
750,scared,5
751,big,13
752,waste,1
753,praise,2
754,delusional,1
755,sense,1
756,roast,1
757,sesh,1
758,suddenly,1
759,wants,7
760,without,9
761,sabotaged,1
762,career,1
763,giving,5
764,incorrect,1
765,feedback,1
766,pity,3
767,guys,7
768,nearly,3
769,blackout,1
770,accidentally,8
771,shattered,1
772,huge,1
773,glass,2
774,bowl,2
775,resulting,1
776,numerous,1
777,roomates,2
778,denied,3
779,jokes,1
780,past,1
781,honestly,4
782,cancelled,2
783,showing,1
784,loner,1
785,five,1
786,gained,1
787,weight,3
788,met,2
789,heading,1
790,road,3
791,refused,1
792,meds,2
793,couldn,2
794,climax,1
795,new,8
796,cause,6
797,calm,2
798,flashed,2
799,violent,1
800,nature,1
801,thats,1
802,liar,2
803,sucks,2
804,online,17
805,ghosted,1
806,ok,4
807,addiction,4
808,stooping,1
809,level,1
810,promise,2
811,suffer,3
812,others,2
813,emotional,1
814,dickhead,1
815,bc,1
816,terrified,2
817,apart,2
818,moving,1
819,sometime,1
820,next,5
821,alcoholism,2
822,functioning,1
823,alcoholic,1
824,appreciate,4
825,leo,1
826,prisoner,1
827,overwhelmed,1
828,die,19
829,eraser,2
830,female,3
831,rd,1
832,grade,5
833,age,5
834,accused,3
835,vehemently,1
836,teacher,10
837,gave,6
838,reconcile,1
839,situation,1
840,cried,3
841,reported,2
842,th,8
843,math,3
844,yelling,2
845,student,3
846,soul,4
847,purpose,4
848,which,4
849,led,2
850,suspended,1
851,demoted,1
852,assistant,1
853,accepted,2
854,forgotten,1
855,hurts,1
856,asian,2
857,attracted,8
858,black,8
859,these,6
860,went,7
861,revenge,2
862,wanna,8
863,toughts,1
864,straight,37
865,wearing,3
866,women,42
867,underwear,1
868,speak,2
869,ever,15
870,church,4
871,members,2
872,written,1
873,somewhere,1
874,holding,2
875,onto,4
876,questioning,1
877,opinions,1
878,moment,1
879,emotion,1
880,toxic,4
881,mine,1
882,fun,5
883,race,2
884,bawled,1
885,computer,2
886,expert,1
887,stupid,7
888,learned,3
889,anyone,14
890,random,1
891,suicidal,4
892,minor,2
893,inconvenience,1
894,yourself,1
895,there,9
896,fetishize,4
897,concept,1
898,becoming,3
899,discuss,1
900,trans,3
901,shun,1
902,daughters,2
903,fault,5
904,kidnapped,1
905,ransom,1
906,turn,3
907,keeping,1
908,contact,3
909,since,8
910,senior,2
911,college,6
912,throwing,3
913,motivation,1
914,distraction,1
915,terms,1
916,lil,1
917,nas,1
918,x,3
919,hear,3
920,great,3
921,destroyed,1
922,family,24
923,distant,1
924,shoplift,1
925,store,4
926,chain,1
927,paper,4
928,throw,2
929,shy,2
930,using,5
931,communal,1
932,mo,1
933,split,1
934,among,1
935,excruciating,1
936,death,9
937,beg,1
938,commit,1
939,throwaway,1
940,astrology,1
941,temper,1
942,toddler,1
943,personal,3
944,cheater,2
945,objects,1
946,turned,3
947,old,30
948,christian,1
949,nymphomaniac,1
950,less,7
951,unprotected,1
952,stranger,3
953,hav,1
954,sti,1
955,bringing,1
956,afford,1
957,genuinely,3
958,survive,1
959,costs,2
960,living,3
961,ontario,1
962,relationship,16
963,kms,1
964,herself,2
965,folks,2
966,hope,2
967,loves,1
968,kiss,2
969,sick,3
970,played,2
971,game,2
972,instagram,3
973,expose,1
974,our,4
975,pretended,4
976,acces,1
977,minecraft,2
978,server,2
979,autistic,7
980,kids,11
981,griefed,2
982,tuesday,1
983,inspiration,1
984,wonderful,1
985,theweeknd,1
986,damaged,1
987,goneway,1
988,far,4
989,rid,3
990,somebody,4
991,medical,1
992,condition,2
993,seizures,1
994,religious,1
995,house,6
996,halloween,3
997,alternatives,1
998,cool,6
999,beatles,1
1000,beetles,1
1001,until,3
1002,con,1
1003,working,3
1004,glance,1
1005,goofy,1
1006,office,4
1007,scenario,1
1008,head,6
1009,f,14
1010,seems,1
1011,videos,2
1012,play,1
1013,send,1
1014,nude,1
1015,pitied,1
1016,realized,3
1017,deep,2
1018,sexting,2
1019,buddies,1
1020,trade,1
1021,add,1
1022,jennifer,1
1023,rose,1
1024,drinking,3
1025,energy,1
1026,drinks,1
1027,its,8
1028,trend,1
1029,gift,2
1030,birthday,8
1031,share,1
1032,internet,11
1033,depressed,3
1034,bestfriend,2
1035,uhhhhh,1
1036,rule,2
1037,yeah,1
1038,ten,1
1039,street,2
1040,called,6
1041,bitch,3
1042,punched,2
1043,crazy,3
1044,eventually,1
1045,upcoming,1
1046,reasons,1
1047,urges,2
1048,v,2
1049,spare,2
1050,brown,1
1051,constantly,3
1052,virginity,5
1053,grandparent,1
1054,hello,1
1055,gym,1
1056,exercise,1
1057,focusing,1
1058,legs,1
1059,buttocks,1
1060,o,3
1061,disgusting,1
1062,hopes,1
1063,days,4
1064,dwight,1
1065,schrute,1
1066,sexy,3
1067,af,3
1068,totally,2
1069,bang,1
1070,recall,1
1071,multiple,2
1072,threatened,1
1073,front,5
1074,affectionate,1
1075,roommate,2
1076,secretly,6
1077,vacations,1
1078,knows,5
1079,put,8
1080,shape,1
1081,ruin,2
1082,routine,2
1083,acidently,1
1084,mwade,1
1085,anoter,1
1086,alnguage,1
1087,aend,1
1088,mede,1
1089,lafe,1
1090,ezier,1
1091,baby,8
1092,word,5
1093,nose,1
1094,thousands,3
1095,missing,1
1096,empathy,1
1097,white,3
1098,everybody,1
1099,obsessing,1
1100,triggered,1
1101,argue,1
1102,understand,2
1103,addicting,1
1104,ur,2
1105,kinkest,1
1106,illicit,1
1107,himself,2
1108,responsible,4
1109,accidently,1
1110,exploded,1
1111,cafe,1
1112,faithful,1
1113,whom,1
1114,began,1
1115,mostly,1
1116,recently,6
1117,tattoo,1
1118,ham,1
1119,sandwich,1
1120,spam,1
1121,experienced,1
1122,alone,3
1123,competition,1
1124,frustrated,1
1125,funeral,1
1126,director,1
1127,sympathy,1
1128,anymore,13
1129,rude,1
1130,bunch,3
1131,rlly,1
1132,gif,1
1133,wanma,1
1134,mrbeast,1
1135,cathartic,1
1136,fantasize,2
1137,rich,1
1138,twerking,1
1139,stripper,1
1140,member,1
1141,committed,3
1142,awful,4
1143,human,1
1144,move,5
1145,probably,3
1146,redundant,1
1147,post,8
1148,comfortable,1
1149,intoxicated,1
1150,negative,1
1151,actual,2
1152,fascist,1
1153,sadly,1
1154,park,2
1155,public,3
1156,homes,1
1157,etc,3
1158,shake,1
1159,sweet,1
1160,alabama,1
1161,guessed,1
1162,spread,1
1163,cheeks,1
1164,fart,2
1165,sound,3
1166,yearn,1
1167,attention,3
1168,cuckold,2
1169,top,4
1170,cushion,2
1171,confused,3
1172,expecting,1
1173,honest,2
1174,words,1
1175,freaking,1
1176,right,7
1177,hookers,1
1178,stepdads,1
1179,miscarriage,2
1180,abortion,7
1181,corner,1
1182,support,2
1183,nsfw,2
1184,site,1
1185,catfish,1
1186,second,2
1187,hand,2
1188,grandad,1
1189,insurance,1
1190,fraud,1
1191,vanish,2
1192,triangle,1
1193,complected,1
1194,matter,2
1195,struggled,1
1196,proper,1
1197,sent,1
1198,explicit,1
1199,images,1
1200,late,1
1201,decision,2
1202,weren,1
1203,properly,2
1204,bit,5
1205,official,1
1206,failed,2
1207,utilize,1
1208,graduation,2
1209,fighting,1
1210,academics,1
1211,social,4
1212,costly,1
1213,postgraduation,1
1214,programme,1
1215,ton,1
1216,secret,4
1217,utter,1
1218,loathing,1
1219,creatures,1
1220,video,3
1221,games,4
1222,craziest,1
1223,between,5
1224,mama,1
1225,watch,4
1226,shemales,1
1227,females,1
1228,nasty,1
1229,gets,4
1230,punch,1
1231,super,3
1232,close,3
1233,shitted,1
1234,pool,2
1235,wanted,2
1236,starting,1
1237,happines,1
1238,illusion,1
1239,satisfy,1
1240,ego,3
1241,dissonance,1
1242,horny,1
1243,baking,1
1244,decided,2
1245,town,3
1246,dough,1
1247,catfished,2
1248,grindr,3
1249,foster,2
1250,brother,18
1251,excuse,1
1252,gas,1
1253,diarrhea,1
1254,anybody,1
1255,pride,1
1256,comes,1
1257,before,11
1258,those,1
1259,fitting,1
1260,room,2
1261,term,2
1262,flick,2
1263,herman,1
1264,cain,1
1265,award,1
1266,posts,1
1267,worse,3
1268,ending,1
1269,fell,3
1270,ran,1
1271,shitty,1
1272,threw,4
1273,rock,1
1274,racist,3
1275,slur,1
1276,kinda,2
1277,tbh,1
1278,isn,2
1279,either,3
1280,falling,4
1281,colleague,2
1282,closet,1
1283,homosexual,1
1284,bike,2
1285,spent,3
1286,drug,3
1287,prepare,1
1288,current,2
1289,dogs,1
1290,extinct,1
1291,badly,1
1292,master,1
1293,degree,3
1294,exam,2
1295,marks,2
1296,planning,2
1297,stretching,2
1298,impregnated,1
1299,sidechick,1
1300,surprised,1
1301,alive,2
1302,shady,1
1303,sketchy,1
1304,serial,1
1305,ghoster,1
1306,intentions,1
1307,stopping,1
1308,fantazizing,1
1309,conundrum,1
1310,cleaned,1
1311,mens,1
1312,toilet,3
1313,mop,2
1314,suffocated,1
1315,cant,3
1316,hell,2
1317,stressed,2
1318,try,2
1319,bot,1
1320,walk,4
1321,minute,4
1322,hours,2
1323,homework,1
1324,real,6
1325,fb,3
1326,payback,1
1327,meet,3
1328,nor,5
1329,breaks,1
1330,inch,3
1331,penis,7
1332,curves,1
1333,upwards,1
1334,crying,2
1335,terrorize,1
1336,annoy,1
1337,bfs,1
1338,search,1
1339,history,2
1340,google,1
1341,copied,2
1342,angry,1
1343,copycat,1
1344,different,5
1345,developed,2
1346,unhealthy,3
1347,strange,1
1348,kink,1
1349,belly,2
1350,hoping,2
1351,mess,5
1352,alcohol,2
1353,extrovert,1
1354,actions,1
1355,introvert,1
1356,covid,3
1357,acid,1
1358,panic,1
1359,attack,2
1360,lockdown,3
1361,blacked,1
1362,sonic,1
1363,hedgehog,2
1364,aussie,1
1365,unashamed,1
1366,nobody,5
1367,liked,3
1368,teach,1
1369,nanny,1
1370,drive,3
1371,experience,4
1372,uptight,1
1373,sneak,1
1374,dissing,1
1375,manipulative,1
1376,evil,2
1377,pieces,1
1378,caucasian,1
1379,fair,1
1380,skinned,1
1381,already,4
1382,creed,2
1383,professed,2
1384,thinks,1
1385,scar,2
1386,leg,1
1387,cigarette,1
1388,burn,1
1389,dachshund,1
1390,stomach,1
1391,buzzing,1
1392,wave,1
1393,thumb,1
1394,bug,1
1395,finally,3
1396,preference,1
1397,smoking,2
1398,jenkem,2
1399,gamble,2
1400,grand,1
1401,mothers,1
1402,treatment,3
1403,grandmothers,1
1404,often,1
1405,hallucinations,1
1406,security,1
1407,crop,1
1408,dusted,1
1409,dollar,1
1410,general,1
1411,worst,4
1412,farts,1
1413,contacts,1
1414,bribe,1
1415,hang,2
1416,swipe,1
1417,unattractive,1
1418,self,6
1419,worth,2
1420,low,3
1421,confessions,2
1422,cw,1
1423,sa,1
1424,tips,1
1425,busy,1
1426,raped,2
1427,miserable,3
1428,depression,2
1429,refusing,1
1430,admit,2
1431,success,1
1432,healthy,2
1433,indirectly,1
1434,happened,2
1435,experiences,1
1436,childhood,2
1437,experimentation,1
1438,mistake,2
1439,judging,1
1440,plz,1
1441,makes,7
1442,religion,1
1443,fil,1
1444,emotionnal,2
1445,abuse,5
1446,joking,1
1447,accusation,1
1448,financial,1
1449,several,1
1450,rubbed,2
1451,dirty,5
1452,bosses,2
1453,keys,2
1454,frequently,2
1455,may,4
1456,consequences,1
1457,father,3
1458,theres,1
1459,pathetic,1
1460,madman,1
1461,occurs,1
1462,usually,2
1463,show,3
1464,rip,2
1465,skin,2
1466,trained,2
1467,criminals,1
1468,champion,1
1469,saw,6
1470,abduction,1
1471,helped,2
1472,wipe,1
1473,nine,1
1474,lazy,4
1475,promising,1
1476,fulfilling,1
1477,stopped,3
1478,medication,1
1479,despite,9
1480,doctor,1
1481,suggesting,1
1482,otherwise,1
1483,unsolved,1
1484,murder,3
1485,leaving,2
1486,details,1
1487,protection,1
1488,kitten,1
1489,hotel,1
1490,maid,1
1491,converted,1
1492,toy,2
1493,nd,2
1494,daily,2
1495,growing,1
1496,lonely,3
1497,ideas,1
1498,direction,1
1499,car,15
1500,carjacked,1
1501,driveway,1
1502,vain,1
1503,superficial,1
1504,absorbed,1
1505,blame,3
1506,shouldn,1
1507,filthy,1
1508,kittens,1
1509,struggling,3
1510,cared,1
1511,won,5
1512,shower,1
1513,naked,2
1514,laughable,1
1515,recognize,1
1516,empathetic,1
1517,towards,2
1518,worry,1
1519,effect,7
1520,natural,1
1521,disasters,1
1522,exciting,1
1523,forward,2
1524,successfully,1
1525,purges,1
1526,us,3
1527,position,1
1528,judged,2
1529,stand,4
1530,conservative,1
1531,total,1
1532,alot,1
1533,fact,2
1534,sugar,1
1535,daddy,1
1536,regularly,2
1537,jerk,2
1538,spaces,2
1539,scammer,1
1540,peoples,1
1541,bitcoin,1
1542,trust,1
1543,virg,2
1544,se,3
1545,hairy,4
1546,toothless,4
1547,whatever,4
1548,wom,1
1549,en,1
1550,interact,4
1551,celebrating,1
1552,virgin,9
1553,irl,3
1554,pill,1
1555,cooler,1
1556,talented,1
1557,ended,2
1558,staying,2
1559,earlier,1
1560,guess,3
1561,ashamed,2
1562,treated,1
1563,happiness,1
1564,achieve,1
1565,shocked,1
1566,lack,1
1567,quickly,1
1568,lusting,1
1569,attend,1
1570,havent,1
1571,bizarre,2
1572,americans,1
1573,seem,2
1574,therapy,2
1575,answer,2
1576,such,1
1577,cop,1
1578,piece,2
1579,emotionally,3
1580,via,1
1581,media,1
1582,bused,1
1583,nut,1
1584,cars,1
1585,passing,1
1586,weeks,4
1587,delivery,2
1588,mexico,1
1589,hypersexual,1
1590,convinced,1
1591,peers,1
1592,engage,1
1593,perverted,1
1594,acts,1
1595,banana,1
1596,antisocial,1
1597,desperate,1
1598,sheerly,1
1599,cringey,1
1600,jewish,1
1601,trip,1
1602,detroit,1
1603,michigan,1
1604,wow,1
1605,sext,1
1606,empowered,1
1607,masturbate,2
1608,uncovered,2
1609,identity,2
1610,various,2
1611,onlyfans,3
1612,learn,1
1613,benefits,2
1614,kindly,1
1615,chronic,1
1616,masturbator,1
1617,welp,1
1618,od,1
1619,coming,1
1620,decade,1
1621,carjackers,1
1622,romantic,2
1623,terribly,1
1624,anxious,1
1625,stumbled,1
1626,upon,1
1627,cp,1
1628,wank,1
1629,unintentionally,1
1630,k,1
1631,bs,1
1632,shots,1
1633,rubbing,1
1634,alchohol,1
1635,fortnite,1
1636,hated,3
1637,relieved,1
1638,tested,1
1639,positive,4
1640,y,3
1641,pushed,2
1642,group,1
1643,seemed,1
1644,blind,1
1645,burger,2
1646,king,2
1647,torture,2
1648,regrets,1
1649,psycopath,1
1650,sociopath,1
1651,couple,3
1652,dying,1
1653,drop,1
1654,liquid,1
1655,sock,1
1656,feet,3
1657,mr,1
1658,apology,1
1659,helper,1
1660,organization,1
1661,involved,1
1662,wouldn,4
1663,buring,1
1664,fps,1
1665,grandmas,1
1666,name,3
1667,rn,1
1668,taken,2
1669,min,1
1670,homeless,1
1671,saint,1
1672,brothers,3
1673,laugh,1
1674,dads,2
1675,lets,1
1676,running,2
1677,saved,2
1678,molester,1
1679,rapist,5
1680,kicked,3
1681,whilst,2
1682,likely,1
1683,whether,1
1684,cannibalism,1
1685,satisfaction,4
1686,created,4
1687,troll,3
1688,leftists,1
1689,near,3
1690,hey,1
1691,brian,1
1692,laundrie,1
1693,currently,2
1694,playing,3
1695,duty,2
1696,u,2
1697,shawarma,1
1698,forgot,2
1699,treasure,1
1700,omegle,1
1701,their,10
1702,dreams,2
1703,freindship,1
1704,spelling,1
1705,chocolates,1
1706,false,1
1707,reports,1
1708,incredibly,2
1709,tired,3
1710,obsession,1
1711,cartoon,1
1712,character,1
1713,spongebob,1
1714,knowingly,1
1715,confided,1
1716,scrape,1
1717,cream,1
1718,oreos,1
1719,strippers,1
1720,discord,2
1721,chat,2
1722,boys,1
1723,youtube,1
1724,walmart,2
1725,exchange,1
1726,return,2
1727,possible,1
1728,theft,1
1729,witnessed,2
1730,crimes,1
1731,dinner,1
1732,intervening,1
1733,conflict,1
1734,involving,1
1735,remained,1
1736,neutral,1
1737,mask,1
1738,woody,1
1739,two,8
1740,jobs,3
1741,straght,1
1742,rage,2
1743,infant,1
1744,mouth,1
1745,sink,2
1746,cc,1
1747,balls,2
1748,mentioned,1
1749,cry,2
1750,everytime,2
1751,scene,1
1752,movie,2
1753,recovered,1
1754,robbed,3
1755,peter,1
1756,ck,1
1757,showed,2
1758,dealing,1
1759,reckless,1
1760,block,1
1761,overtaking,1
1762,touched,2
1763,yo,1
1764,explosion,3
1765,frineds,2
1766,grilling,3
1767,wasn,6
1768,place,3
1769,earned,1
1770,rubbish,1
1771,obsessive,2
1772,tossed,1
1773,hairspray,1
1774,bottle,3
1775,fire,2
1776,lady,2
1777,neglected,1
1778,lives,2
1779,depot,1
1780,degradation,1
1781,likes,2
1782,half,4
1783,uncle,2
1784,extremely,1
1785,redrank,1
1786,pepto,1
1787,bismol,1
1788,spitting,1
1789,performance,1
1790,art,1
1791,bipolar,1
1792,manic,2
1793,drink,2
1794,sabotaging,2
1795,tinder,1
1796,cuz,1
1797,raging,1
1798,desire,1
1799,beaten,1
1800,blue,1
1801,special,1
1802,hatred,1
1803,owners,1
1804,neighborhood,1
1805,modern,1
1806,warfare,1
1807,cold,1
1808,war,1
1809,microtransactions,1
1810,declining,2
1811,secrets,1
1812,project,1
1813,sight,1
1814,appointment,1
1815,consultant,1
1816,whenever,5
1817,schizophrenic,1
1818,battling,1
1819,rabbit,1
1820,burned,2
1821,legal,2
1822,troubles,1
1823,vacation,1
1824,bar,1
1825,talking,5
1826,detective,1
1827,team,1
1828,rethinking,1
1829,sibling,1
1830,swimming,1
1831,detailed,1
1832,route,1
1833,thoroughly,1
1834,boundaries,3
1835,unwanted,1
1836,exposed,3
1837,blackmailed,3
1838,neighbors,1
1839,fake,3
1840,nervous,1
1841,shows,1
1842,interest,1
1843,avoid,3
1844,relate,1
1845,announce,1
1846,text,2
1847,bi,1
1848,located,1
1849,berwyn,1
1850,illinois,1
1851,penises,27
1852,appreciated,1
1853,society,6
1854,vaginas,24
1855,fetishized,3
1856,sexualised,1
1857,desexualised,2
1858,interested,2
1859,genitalia,1
1860,illness,1
1861,btw,1
1862,similar,1
1863,wrote,1
1864,disclaimer,1
1865,groups,1
1866,judge,2
1867,anyway,1
1868,sisters,4
1869,unlocked,1
1870,reminding,1
1871,lock,1
1872,break,1
1873,ones,1
1874,noticable,1
1875,bills,1
1876,pee,1
1877,outside,1
1878,safe,1
1879,stroke,1
1880,hardly,1
1881,function,1
1882,paid,1
1883,option,1
1884,lose,2
1885,state,2
1886,kissed,1
1887,moved,3
1888,talks,1
1889,potentially,1
1890,marriage,1
1891,absolutely,2
1892,jack,1
1893,daniels,1
1894,drinker,1
1895,faking,1
1896,completely,3
1897,despise,2
1898,quote,2
1899,cozy,1
1900,animal,1
1901,crossing,1
1902,against,2
1903,inside,6
1904,urinated,1
1905,counsins,1
1906,plush,1
1907,fold,1
1908,sofa,1
1909,experimented,2
1910,pet,2
1911,hamster,2
1912,later,3
1913,calls,1
1914,je,1
1915,suis,1
1916,fran,1
1917,ais,1
1918,baguettes,1
1919,pls,3
1920,controlling,1
1921,wi,1
1922,fi,1
1923,roomies,1
1924,guests,1
1925,lemonade,2
1926,limes,2
1927,prefer,3
1928,lemons,1
1929,sinned,1
1930,frustrating,1
1931,lee,1
1932,space,1
1933,jam,1
1934,legacy,1
1935,looked,2
1936,garish,1
1937,sil,1
1938,letting,2
1939,suck,2
1940,alotta,1
1941,dicks,4
1942,clean,3
1943,cheesy,1
1944,divorced,1
1945,indifferent,1
1946,lg,1
1947,smart,1
1948,television,1
1949,yrs,1
1950,broters,1
1951,beer,1
1952,pushing,3
1953,nestle,2
1954,powdered,3
1955,milk,2
1956,dairy,1
1957,product,1
1958,provide,1
1959,essential,1
1960,vitamins,1
1961,minerals,1
1962,required,1
1963,mind,3
1964,spirit,1
1965,ignited,1
1966,inadvertantly,1
1967,fireforce,1
1968,stinks,1
1969,mail,1
1970,truly,2
1971,allows,1
1972,jntr,1
1973,h,1
1974,offense,1
1975,respectfully,1
1976,receptionist,1
1977,students,1
1978,wasted,1
1979,print,1
1980,shop,1
1981,materials,1
1982,collection,1
1983,amusement,1
1984,actor,1
1985,confessing,1
1986,truths,1
1987,hearing,1
1988,idea,3
1989,severe,1
1990,thunderstorm,1
1991,warning,3
1992,barrington,1
1993,hills,1
1994,buffalo,1
1995,grove,1
1996,arlington,1
1997,heights,1
1998,chicago,1
1999,north,1
2000,side,3
2001,passion,1
2002,treat,1
2003,tulo,1
2004,tem,1
2005,q,1
2006,ter,1
2007,nimo,1
2008,letras,1
2009,slk,1
2010,mta,1
2011,coisa,1
2012,kkkk,1
2013,enfim,1
2014,vencendo,1
2015,cio,1
2016,da,1
2017,pornografia,1
2018,ando,1
2019,por,1
2020,hoje,1
2021,rat,2
2022,poison,1
2023,push,1
2024,testicles,1
2025,states,2
2026,came,5
2027,radio,1
2028,incest,1
2029,condoms,1
2030,locker,1
2031,landed,1
2032,rehab,1
2033,jacking,1
2034,noon,1
2035,australia,2
2036,genuine,1
2037,advise,1
2038,uh,3
2039,basically,3
2040,uhm,1
2041,gassed,1
2042,airplane,1
2043,cross,1
2044,country,2
2045,flight,2
2046,stairs,2
2047,sexualise,2
2048,open,4
2049,mean,1
2050,homicidal,1
2051,treats,2
2052,litterally,1
2053,joker,2
2054,realzied,1
2055,hates,1
2056,vs,1
2057,humble,1
2058,pie,1
2059,trump,1
2060,somehow,1
2061,arizona,1
2062,abundantly,1
2063,clear,6
2064,legally,2
2065,filmed,2
2066,collected,1
2067,creepshots,1
2068,ocd,1
2069,saying,1
2070,threesome,1
2071,concerns,1
2072,trigger,2
2073,image,1
2074,scam,1
2075,companies,1
2076,stuff,5
2077,blogger,1
2078,inappropriately,3
2079,touch,10
2080,thirteen,2
2081,cafeteria,1
2082,hooking,1
2083,broken,1
2084,lustful,1
2085,grandpa,2
2086,staring,1
2087,bath,1
2088,rocky,1
2089,facing,1
2090,reality,2
2091,failing,1
2092,premed,1
2093,classes,1
2094,mdma,1
2095,sodomized,1
2096,petty,1
2097,supervisors,1
2098,crap,1
2099,harmed,1
2100,shawing,1
2101,blade,1
2102,double,1
2103,dose,1
2104,adderall,1
2105,pm,1
2106,masturbating,1
2107,spamming,1
2108,articles,2
2109,wheat,1
2110,diet,1
2111,review,1
2112,loss,1
2113,karma,1
2114,haunts,1
2115,lol,2
2116,sub,2
2117,join,1
2118,ask,7
2119,answers,6
2120,mixed,4
2121,majority,2
2122,opinion,2
2123,consistently,2
2124,snuck,1
2125,abandoned,1
2126,dump,1
2127,screams,1
2128,relapsed,1
2129,hidden,1
2130,amazing,2
2131,discovered,1
2132,intrigue,1
2133,cock,1
2134,mishap,1
2135,sheets,1
2136,washed,1
2137,overstepped,2
2138,monster,2
2139,complete,1
2140,sentence,1
2141,diagnosed,1
2142,lifelong,1
2143,std,1
2144,ilness,1
2145,atleast,1
2146,agree,1
2147,b,1
2148,soon,2
2149,four,1
2150,across,1
2151,ignored,2
2152,order,1
2153,dominoes,1
2154,within,1
2155,minutes,2
2156,rush,1
2157,nonsensical,1
2158,orders,1
2159,submitted,1
2160,delivering,1
2161,exactly,2
2162,result,1
2163,forget,2
2164,tip,2
2165,domino,1
2166,defaults,1
2167,addicted,4
2168,heavy,1
2169,masturbation,1
2170,affects,1
2171,exhausted,1
2172,quit,2
2173,spends,1
2174,wore,3
2175,girlfriends,2
2176,thongs,2
2177,disrespected,1
2178,w,1
2179,consent,2
2180,weak,1
2181,tamil,1
2182,brahmin,1
2183,orthodox,1
2184,avoiding,1
2185,events,1
2186,due,2
2187,politics,1
2188,bullying,1
2189,pimp,1
2190,everyday,1
2191,hot,2
2192,tub,1
2193,moms,3
2194,trunk,1
2195,needs,1
2196,vamos,1
2197,canc,1
2198,busca,1
2199,acompa,1
2200,ante,1
2201,para,1
2202,viaje,1
2203,todo,1
2204,pagado,1
2205,highschool,3
2206,boobs,8
2207,caused,3
2208,quite,1
2209,must,1
2210,golden,1
2211,pineapple,1
2212,pizza,1
2213,tastes,1
2214,arm,1
2215,stick,1
2216,finger,1
2217,claim,1
2218,sickness,1
2219,depressing,1
2220,pays,1
2221,lies,4
2222,tho,1
2223,urgent,1
2224,database,1
2225,accessing,1
2226,services,1
2227,discount,1
2228,rate,1
2229,sitting,1
2230,ritgh,1
2231,familiar,1
2232,aryan,1
2233,childs,1
2234,isolated,1
2235,transferred,1
2236,offered,2
2237,toes,1
2238,selfish,1
2239,bffs,1
2240,ring,1
2241,raw,1
2242,chicken,1
2243,professional,1
2244,chef,1
2245,mattress,1
2246,pull,1
2247,hair,1
2248,bald,1
2249,behaving,1
2250,inappropriate,1
2251,deleted,1
2252,boy,4
2253,linkedin,1
2254,anxiety,1
2255,asleep,3
2256,rub,1
2257,shoulder,1
2258,wake,1
2259,gone,1
2260,fast,1
2261,simple,1
2262,steps,1
2263,based,2
2264,science,1
2265,plan,1
2266,bother,1
2267,napkins,1
2268,roll,2
2269,taquito,1
2270,orange,1
2271,nike,1
2272,shoebox,1
2273,sleeping,2
2274,pills,1
2275,mocked,1
2276,dollars,2
2277,tristan,1
2278,swore,1
2279,teaching,1
2280,superior,1
2281,babysitting,4
2282,washington,2
2283,c,1
2284,unable,1
2285,empathize,1
2286,arthur,1
2287,cans,1
2288,yr,1
2289,donations,1
2290,study,1
2291,february,1
2292,instead,1
2293,september,1
2294,ill,1
2295,jesusdddddddddddddddddddddddddddddddddddddddddd,1
2296,cam,2
2297,university,1
2298,rather,3
2299,sympathise,1
2300,anonymously,1
2301,paying,2
2302,disowned,1
2303,worker,1
2304,trailer,1
2305,step,2
2306,finding,1
2307,professor,1
2308,loud,1
2309,sassy,1
2310,style,1
2311,drag,5
2312,queens,2
2313,quietly,2
2314,butch,1
2315,lesbians,2
2316,kings,2
2317,ott,1
2318,celebrated,1
2319,adored,1
2320,ru,1
2321,paul,1
2322,seen,1
2323,lots,1
2324,lesbian,1
2325,comedians,1
2326,wear,2
2327,leather,1
2328,jackets,1
2329,suits,1
2330,appreciation,1
2331,dealers,1
2332,former,1
2333,preparing,1
2334,selling,1
2335,compliments,1
2336,lgbt,2
2337,example,1
2338,commonly,2
2339,rejected,2
2340,advances,1
2341,christians,1
2342,hangover,1
2343,fianc,3
2344,focus,1
2345,pursuing,2
2346,fame,1
2347,summer,2
2348,camp,3
2349,discriminating,1
2350,nowhere,1
2351,police,1
2352,wished,1
2353,strong,1
2354,martial,1
2355,arts,1
2356,gorilla,1
2357,tape,1
2358,catphished,1
2359,waiting,1
2360,train,1
2361,platform,1
2362,repeatedly,4
2363,strongly,4
2364,repeated,4
2365,requests,4
2366,rein,4
2367,run,1
2368,impossible,1
2369,whoppers,2
2370,wait,1
2371,cooked,1
2372,regular,1
2373,careful,1
2374,baffled,1
2375,outrage,1
2376,shoplifted,1
2377,copy,1
2378,paste,1
2379,hs,1
2380,projects,1
2381,translate,1
2382,native,1
2383,language,1
2384,teachers,1
2385,aunts,1
2386,transgender,2
2387,complain,1
2388,vagina,2
2389,individual,1
2390,parts,1
2391,heavily,2
2392,forcing,1
2393,rant,1
2394,st,2
2395,snoop,1
2396,macbook,1
2397,pro,1
2398,purchase,1
2399,received,1
2400,shaved,1
2401,pubes,1
2402,stevie,1
2403,nicks,1
2404,concert,1
2405,diary,1
2406,dark,1
2407,pedophilia,1
2408,pasted,1
2409,private,2
2410,email,1
2411,indeed,1
2412,com,1
2413,message,1
2414,reply,1
2415,company,1
2416,availability,1
2417,interview,1
2418,skipped,1
2419,staffed,1
2420,remaining,1
2421,staff,1
2422,bird,1
2423,food,1
2424,trail,1
2425,mix,1
2426,universe,1
2427,air,1
2428,footballs,1
2429,superbowl,1
2430,deal,1
2431,teenage,1
2432,destroy,1
2433,emotions,1
2434,tie,1
2435,shoelaces,1
2436,knot,1
2437,scouts,1
2438,begging,1
2439,document,1
2440,improve,1
2441,dms,1
2442,spending,1
2443,bender,1
2444,tasted,1
2445,hint,1
2446,coconut,1
2447,responsabilities,1
2448,bag,1
2449,fridge,1
2450,movies,1
2451,obligations,1
2452,loose,1
2453,track,1
2454,anti,1
2455,protests,1
2456,peed,1
2457,large,1
2458,soda,1
2459,cup,1
2460,stuck,3
2461,storm,1
2462,remorse,1
2463,justified,1
2464,enjoyed,1
2465,shitfaced,1
2466,assualted,1
2467,thru,1
2468,freshman,1
2469,intention,1
2470,shame,1
2471,txt,1
2472,tendency,1
2473,backlash,1
2474,neighbor,2
2475,porch,1
2476,insanely,1
2477,numb,1
2478,seeking,1
2479,abnormal,1
2480,exclusively,2
2481,equal,1
2482,skinny,1
2483,dipped,1
2484,nephew,1
2485,moral,1
2486,gotten,2
2487,repost,1
2488,overpaid,1
2489,stepdad,1
2490,invasion,1
2491,slut,1
2492,holder,1
2493,dorm,1
2494,clash,1
2495,royale,1
2496,slacking,1
2497,strangers,3
2498,manifesto,1
2499,light,3
2500,idled,1
2501,payed,1
2502,cash,1
2503,replace,1
2504,bumper,1
2505,report,1
2506,driving,1
2507,exaggerating,1
2508,autism,2
2509,symptoms,1
2510,scents,1
2511,souvenirs,1
2512,fling,1
2513,continue,1
2514,resent,2
2515,single,1
2516,awesome,1
2517,verge,1
2518,remembering,1
2519,repressed,1
2520,memory,1
2521,rare,1
2522,yugio,1
2523,austistic,1
2524,early,1
2525,teens,1
2526,clothes,1
2527,faked,1
2528,impatient,1
2529,deadbeat,1
2530,leeching,1
2531,proudly,1
2532,bought,1
2533,nazi,1
2534,ss,1
2535,uniform,1
2536,evening,1
2537,beside,1
2538,buttchecks,1
2539,eats,1
2540,lowkey,1
2541,embarrassed,1
2542,eldest,1
2543,listen,1
2544,randomly,1
2545,joined,1
2546,casually,1
2547,irritating,1
2548,voice,1
2549,youtuber,1
2550,chills,1
2551,wrongly,1
2552,kindergarten,1
2553,hid,1
2554,weirdly,4
2555,bat,1
2556,refrigerator,1
2557,magnets,1
2558,harassed,1
2559,whistles,1
2560,liking,1
2561,registered,1
2562,sites,1
2563,november,1
2564,cuts,1
2565,parties,1
2566,purse,1
2567,meanwhile,1
2568,narcissistic,1
2569,engineering,1
2570,machine,1
2571,juvy,1
2572,structure,1
2573,needed,1
2574,ability,1
2575,seduce,1
2576,excites,1
2577,comics,1
2578,recommendations,1
2579,artist,2
2580,finsta,1
2581,peer,1
2582,law,1
2583,paired,1
2584,moderators,1
2585,removed,2
2586,homemade,2
2587,flesh,2
2588,hookup,1
2589,shark,1
2590,jukebox,1
2591,strip,1
2592,club,1
2593,helpless,1
2594,wussed,1
2595,biologically,1
2596,respected,1
2597,goooooooooooooo,1
2598,ugh,1
2599,characters,1
2600,yall,1
2601,worrying,1
2602,twins,1
2603,instigate,1
2604,drama,1
2605,figure,1
2606,fantasy,1
2607,observations,1
2608,patient,1
2609,insulting,1
2610,thin,1
2611,redditors,1
2612,panful,1
2613,mics,2
2614,accept,2
2615,automatic,1
2616,fans,1
2617,formerly,1
2618,fantasizing,1
2619,couch,1
2620,pathological,1
2621,homeschooled,1
2622,chocolate,1
2623,stunted,3
2624,insecure,1
2625,kia,1
2626,motors,1
2627,recruitment,2
2628,apply,1
2629,generation,1
2630,pop,1
2631,singers,1
2632,songs,1
2633,dealer,1
2634,sold,2
2635,knowledge,2
2636,indian,1
2637,oil,1
2638,iocl,1
2639,latest,1
2640,vacancy,1
2641,carol,1
2642,paradis,1
2643,goodbye,1
2644,wind,1
2645,wall,1
2646,tl,1
2647,dr,1
2648,ped,1
2649,however,1
2650,takes,1
2651,existential,1
2652,crisis,1
2653,boyfriends,1
2654,argument,1
2655,handle,1
2656,impaired,1
2657,grief,2
2658,resentment,2
2659,following,2
